sample_id,organism,has_ercc,organism_code,strain,tissue_code,arm_code,replicate,animal_id,tissue,arm,osd_id,mission,spacecraft,preservation_method,tmt_channel,tmt_plex,study_id,has_protein
Mmus_C57-6J_TA_GC_Rep1_M33,Mus musculus,False,Mmus,C57-6J,TA,GC,1,M33,tibialis_anterior,Ground.Control,OSD-105,RR-1,SpaceX-4,,128N,plex_1,OSD-105,True
Mmus_C57-6J_TA_GC_Rep2_M34,Mus musculus,False,Mmus,C57-6J,TA,GC,2,M34,tibialis_anterior,Ground.Control,OSD-105,RR-1,SpaceX-4,,128C,plex_1,OSD-105,True
Mmus_C57-6J_TA_GC_Rep3_M35,Mus musculus,False,Mmus,C57-6J,TA,GC,3,M35,tibialis_anterior,Ground.Control,OSD-105,RR-1,SpaceX-4,,129N,plex_1,OSD-105,True
Mmus_C57-6J_TA_GC_Rep4_M36,Mus musculus,False,Mmus,C57-6J,TA,GC,4,M36,tibialis_anterior,Ground.Control,OSD-105,RR-1,SpaceX-4,,128N,plex_2,OSD-105,True
Mmus_C57-6J_TA_GC_Rep5_M37,Mus musculus,False,Mmus,C57-6J,TA,GC,5,M37,tibialis_anterior,Ground.Control,OSD-105,RR-1,SpaceX-4,,128C,plex_2,OSD-105,True
Mmus_C57-6J_TA_GC_Rep6_M38,Mus musculus,False,Mmus,C57-6J,TA,GC,6,M38,tibialis_anterior,Ground.Control,OSD-105,RR-1,SpaceX-4,,129N,plex_2,OSD-105,True
Mmus_C57-6J_TA_FLT_Rep1_M23,Mus musculus,False,Mmus,C57-6J,TA,FLT,1,M23,tibialis_anterior,Flight,OSD-105,RR-1,SpaceX-4,,126,plex_1,OSD-105,True
Mmus_C57-6J_TA_FLT_Rep2_M24,Mus musculus,False,Mmus,C57-6J,TA,FLT,2,M24,tibialis_anterior,Flight,OSD-105,RR-1,SpaceX-4,,127N,plex_1,OSD-105,True
Mmus_C57-6J_TA_FLT_Rep3_M25,Mus musculus,False,Mmus,C57-6J,TA,FLT,3,M25,tibialis_anterior,Flight,OSD-105,RR-1,SpaceX-4,,127C,plex_1,OSD-105,True
Mmus_C57-6J_TA_FLT_Rep4_M26,Mus musculus,False,Mmus,C57-6J,TA,FLT,4,M26,tibialis_anterior,Flight,OSD-105,RR-1,SpaceX-4,,126,plex_2,OSD-105,True
Mmus_C57-6J_TA_FLT_Rep5_M27,Mus musculus,False,Mmus,C57-6J,TA,FLT,5,M27,tibialis_anterior,Flight,OSD-105,RR-1,SpaceX-4,,127N,plex_2,OSD-105,True
Mmus_C57-6J_TA_FLT_Rep6_M28,Mus musculus,False,Mmus,C57-6J,TA,FLT,6,M28,tibialis_anterior,Flight,OSD-105,RR-1,SpaceX-4,,127C,plex_2,OSD-105,True
Mmus_C57-6J_GST_GC_Rep1_M33,Mus musculus,False,Mmus,C57-6J,GST,GC,1,M33,gastrocnemius,Ground.Control,OSD-101,RR-1,SpaceX-4,,128N,plex_1,OSD-101,True
Mmus_C57-6J_GST_GC_Rep2_M34,Mus musculus,False,Mmus,C57-6J,GST,GC,2,M34,gastrocnemius,Ground.Control,OSD-101,RR-1,SpaceX-4,,128C,plex_1,OSD-101,True
Mmus_C57-6J_GST_GC_Rep3_M35,Mus musculus,False,Mmus,C57-6J,GST,GC,3,M35,gastrocnemius,Ground.Control,OSD-101,RR-1,SpaceX-4,,129N,plex_1,OSD-101,True
Mmus_C57-6J_GST_GC_Rep4_M36,Mus musculus,False,Mmus,C57-6J,GST,GC,4,M36,gastrocnemius,Ground.Control,OSD-101,RR-1,SpaceX-4,,128N,plex_2,OSD-101,True
Mmus_C57-6J_GST_GC_Rep5_M37,Mus musculus,False,Mmus,C57-6J,GST,GC,5,M37,gastrocnemius,Ground.Control,OSD-101,RR-1,SpaceX-4,,128C,plex_2,OSD-101,True
Mmus_C57-6J_GST_GC_Rep6_M38,Mus musculus,False,Mmus,C57-6J,GST,GC,6,M38,gastrocnemius,Ground.Control,OSD-101,RR-1,SpaceX-4,,129N,plex_2,OSD-101,True
Mmus_C57-6J_GST_FLT_Rep1_M23,Mus musculus,False,Mmus,C57-6J,GST,FLT,1,M23,gastrocnemius,Flight,OSD-101,RR-1,SpaceX-4,,126,plex_1,OSD-101,True
Mmus_C57-6J_GST_FLT_Rep2_M24,Mus musculus,False,Mmus,C57-6J,GST,FLT,2,M24,gastrocnemius,Flight,OSD-101,RR-1,SpaceX-4,,127N,plex_1,OSD-101,True
Mmus_C57-6J_GST_FLT_Rep3_M25,Mus musculus,False,Mmus,C57-6J,GST,FLT,3,M25,gastrocnemius,Flight,OSD-101,RR-1,SpaceX-4,,127C,plex_1,OSD-101,True
Mmus_C57-6J_GST_FLT_Rep4_M26,Mus musculus,False,Mmus,C57-6J,GST,FLT,4,M26,gastrocnemius,Flight,OSD-101,RR-1,SpaceX-4,,126,plex_2,OSD-101,True
Mmus_C57-6J_GST_FLT_Rep5_M27,Mus musculus,False,Mmus,C57-6J,GST,FLT,5,M27,gastrocnemius,Flight,OSD-101,RR-1,SpaceX-4,,127N,plex_2,OSD-101,True
Mmus_C57-6J_GST_FLT_Rep6_M28,Mus musculus,False,Mmus,C57-6J,GST,FLT,6,M28,gastrocnemius,Flight,OSD-101,RR-1,SpaceX-4,,127C,plex_2,OSD-101,True
Mmus_C57-6J_KDN_FLT_Rep1_M23,Mus musculus,False,Mmus,C57-6J,KDN,FLT,1,M23,kidney,Flight,OSD-102,RR-1,SpaceX-4,,126,plex_1,OSD-102,True
Mmus_C57-6J_KDN_FLT_Rep2_M24,Mus musculus,False,Mmus,C57-6J,KDN,FLT,2,M24,kidney,Flight,OSD-102,RR-1,SpaceX-4,,127N,plex_1,OSD-102,True
Mmus_C57-6J_KDN_FLT_Rep3_M25,Mus musculus,False,Mmus,C57-6J,KDN,FLT,3,M25,kidney,Flight,OSD-102,RR-1,SpaceX-4,,127C,plex_1,OSD-102,True
Mmus_C57-6J_KDN_FLT_Rep4_M26,Mus musculus,False,Mmus,C57-6J,KDN,FLT,4,M26,kidney,Flight,OSD-102,RR-1,SpaceX-4,,126,plex_2,OSD-102,True
Mmus_C57-6J_KDN_FLT_Rep5_M27,Mus musculus,False,Mmus,C57-6J,KDN,FLT,5,M27,kidney,Flight,OSD-102,RR-1,SpaceX-4,,127N,plex_2,OSD-102,True
Mmus_C57-6J_KDN_FLT_Rep6_M28,Mus musculus,False,Mmus,C57-6J,KDN,FLT,6,M28,kidney,Flight,OSD-102,RR-1,SpaceX-4,,127C,plex_2,OSD-102,True
Mmus_C57-6J_KDN_GC_Rep1_M33,Mus musculus,False,Mmus,C57-6J,KDN,GC,1,M33,kidney,Ground.Control,OSD-102,RR-1,SpaceX-4,,128N,plex_1,OSD-102,True
Mmus_C57-6J_KDN_GC_Rep2_M34,Mus musculus,False,Mmus,C57-6J,KDN,GC,2,M34,kidney,Ground.Control,OSD-102,RR-1,SpaceX-4,,128C,plex_1,OSD-102,True
Mmus_C57-6J_KDN_GC_Rep3_M35,Mus musculus,False,Mmus,C57-6J,KDN,GC,3,M35,kidney,Ground.Control,OSD-102,RR-1,SpaceX-4,,129N,plex_1,OSD-102,True
Mmus_C57-6J_KDN_GC_Rep4_M36,Mus musculus,False,Mmus,C57-6J,KDN,GC,4,M36,kidney,Ground.Control,OSD-102,RR-1,SpaceX-4,,128N,plex_2,OSD-102,True
Mmus_C57-6J_KDN_GC_Rep5_M37,Mus musculus,False,Mmus,C57-6J,KDN,GC,5,M37,kidney,Ground.Control,OSD-102,RR-1,SpaceX-4,,128C,plex_2,OSD-102,True
Mmus_C57-6J_KDN_GC_Rep6_M38,Mus musculus,False,Mmus,C57-6J,KDN,GC,6,M38,kidney,Ground.Control,OSD-102,RR-1,SpaceX-4,,129N,plex_2,OSD-102,True
Mmus_BAL-TAL_LVR_BSL_Rep1_B1,Mus musculus,False,Mmus,BAL-TAL,LVR,BSL,1,B1,liver,Basal,OSD-137,RR-3,SpaceX-8,,129C,plex_1,OSD-137,True
Mmus_BAL-TAL_LVR_BSL_Rep2_B2,Mus musculus,False,Mmus,BAL-TAL,LVR,BSL,2,B2,liver,Basal,OSD-137,RR-3,SpaceX-8,,130N,plex_1,OSD-137,True
Mmus_BAL-TAL_LVR_BSL_Rep3_B3,Mus musculus,False,Mmus,BAL-TAL,LVR,BSL,3,B3,liver,Basal,OSD-137,RR-3,SpaceX-8,,130C,plex_1,OSD-137,True
Mmus_BAL-TAL_LVR_BSL_Rep4_B4,Mus musculus,False,Mmus,BAL-TAL,LVR,BSL,4,B4,liver,Basal,OSD-137,RR-3,SpaceX-8,,129C,plex_2,OSD-137,True
Mmus_BAL-TAL_LVR_BSL_Rep5_B6,Mus musculus,False,Mmus,BAL-TAL,LVR,BSL,5,B6,liver,Basal,OSD-137,RR-3,SpaceX-8,,130N,plex_2,OSD-137,True
Mmus_BAL-TAL_LVR_BSL_Rep6_B7,Mus musculus,False,Mmus,BAL-TAL,LVR,BSL,6,B7,liver,Basal,OSD-137,RR-3,SpaceX-8,,130C,plex_2,OSD-137,True
Mmus_BAL-TAL_LVR_GC_Rep1_G1,Mus musculus,False,Mmus,BAL-TAL,LVR,GC,1,G1,liver,Ground.Control,OSD-137,RR-3,SpaceX-8,,126,plex_1,OSD-137,True
Mmus_BAL-TAL_LVR_GC_Rep2_G2,Mus musculus,False,Mmus,BAL-TAL,LVR,GC,2,G2,liver,Ground.Control,OSD-137,RR-3,SpaceX-8,,127N,plex_1,OSD-137,True
Mmus_BAL-TAL_LVR_GC_Rep3_G3,Mus musculus,False,Mmus,BAL-TAL,LVR,GC,3,G3,liver,Ground.Control,OSD-137,RR-3,SpaceX-8,,127C,plex_1,OSD-137,True
Mmus_BAL-TAL_LVR_GC_Rep4_G5,Mus musculus,False,Mmus,BAL-TAL,LVR,GC,4,G5,liver,Ground.Control,OSD-137,RR-3,SpaceX-8,,126,plex_2,OSD-137,True
Mmus_BAL-TAL_LVR_GC_Rep5_G6,Mus musculus,False,Mmus,BAL-TAL,LVR,GC,5,G6,liver,Ground.Control,OSD-137,RR-3,SpaceX-8,,127N,plex_2,OSD-137,True
Mmus_BAL-TAL_LVR_GC_Rep6_G7,Mus musculus,False,Mmus,BAL-TAL,LVR,GC,6,G7,liver,Ground.Control,OSD-137,RR-3,SpaceX-8,,127C,plex_2,OSD-137,True
Mmus_BAL-TAL_LVR_FLT_Rep1_F1,Mus musculus,False,Mmus,BAL-TAL,LVR,FLT,1,F1,liver,Flight,OSD-137,RR-3,SpaceX-8,,128N,plex_1,OSD-137,True
Mmus_BAL-TAL_LVR_FLT_Rep2_F2,Mus musculus,False,Mmus,BAL-TAL,LVR,FLT,2,F2,liver,Flight,OSD-137,RR-3,SpaceX-8,,128C,plex_1,OSD-137,True
Mmus_BAL-TAL_LVR_FLT_Rep3_F3,Mus musculus,False,Mmus,BAL-TAL,LVR,FLT,3,F3,liver,Flight,OSD-137,RR-3,SpaceX-8,,129N,plex_1,OSD-137,True
Mmus_BAL-TAL_LVR_FLT_Rep4_F4,Mus musculus,False,Mmus,BAL-TAL,LVR,FLT,4,F4,liver,Flight,OSD-137,RR-3,SpaceX-8,,128N,plex_2,OSD-137,True
Mmus_BAL-TAL_LVR_FLT_Rep5_F5,Mus musculus,False,Mmus,BAL-TAL,LVR,FLT,5,F5,liver,Flight,OSD-137,RR-3,SpaceX-8,,128C,plex_2,OSD-137,True
Mmus_BAL-TAL_LVR_FLT_Rep6_F6,Mus musculus,False,Mmus,BAL-TAL,LVR,FLT,6,F6,liver,Flight,OSD-137,RR-3,SpaceX-8,,129N,plex_2,OSD-137,True
Mmus_C57-6J_LVR_FLT_I_Rep1_M21,Mus musculus,False,Mmus,C57-6J,LVR,FLT,1,M21,liver,Flight,OSD-48,RR-1,SpaceX-4,upon_euthanasia,,,OSD-48,False
Mmus_C57-6J_LVR_FLT_I_Rep2_M22,Mus musculus,False,Mmus,C57-6J,LVR,FLT,2,M22,liver,Flight,OSD-48,RR-1,SpaceX-4,upon_euthanasia,,,OSD-48,False
Mmus_C57-6J_LVR_FLT_C_Rep1_M25,Mus musculus,False,Mmus,C57-6J,LVR,FLT,1,M25,liver,Flight,OSD-48,RR-1,SpaceX-4,carcass,,,OSD-48,False
Mmus_C57-6J_LVR_FLT_C_Rep2_M26,Mus musculus,False,Mmus,C57-6J,LVR,FLT,2,M26,liver,Flight,OSD-48,RR-1,SpaceX-4,carcass,,,OSD-48,False
Mmus_C57-6J_LVR_FLT_C_Rep3_M27,Mus musculus,False,Mmus,C57-6J,LVR,FLT,3,M27,liver,Flight,OSD-48,RR-1,SpaceX-4,carcass,,,OSD-48,False
Mmus_C57-6J_LVR_FLT_C_Rep4_M28,Mus musculus,False,Mmus,C57-6J,LVR,FLT,4,M28,liver,Flight,OSD-48,RR-1,SpaceX-4,carcass,,,OSD-48,False
Mmus_C57-6J_LVR_FLT_C_Rep5_M30,Mus musculus,False,Mmus,C57-6J,LVR,FLT,5,M30,liver,Flight,OSD-48,RR-1,SpaceX-4,carcass,,,OSD-48,False
Mmus_C57-6J_LVR_GC_I_Rep1_M31,Mus musculus,False,Mmus,C57-6J,LVR,GC,1,M31,liver,Ground.Control,OSD-48,RR-1,SpaceX-4,upon_euthanasia,,,OSD-48,False
Mmus_C57-6J_LVR_GC_I_Rep2_M32,Mus musculus,False,Mmus,C57-6J,LVR,GC,2,M32,liver,Ground.Control,OSD-48,RR-1,SpaceX-4,upon_euthanasia,,,OSD-48,False
Mmus_C57-6J_LVR_GC_C_Rep1_M36,Mus musculus,False,Mmus,C57-6J,LVR,GC,1,M36,liver,Ground.Control,OSD-48,RR-1,SpaceX-4,carcass,,,OSD-48,False
Mmus_C57-6J_LVR_GC_C_Rep2_M37,Mus musculus,False,Mmus,C57-6J,LVR,GC,2,M37,liver,Ground.Control,OSD-48,RR-1,SpaceX-4,carcass,,,OSD-48,False
Mmus_C57-6J_LVR_GC_C_Rep3_M38,Mus musculus,False,Mmus,C57-6J,LVR,GC,3,M38,liver,Ground.Control,OSD-48,RR-1,SpaceX-4,carcass,,,OSD-48,False
Mmus_C57-6J_LVR_GC_C_Rep4_M39,Mus musculus,False,Mmus,C57-6J,LVR,GC,4,M39,liver,Ground.Control,OSD-48,RR-1,SpaceX-4,carcass,,,OSD-48,False
Mmus_C57-6J_LVR_GC_C_Rep5_M40,Mus musculus,False,Mmus,C57-6J,LVR,GC,5,M40,liver,Ground.Control,OSD-48,RR-1,SpaceX-4,carcass,,,OSD-48,False
